[{
    "itemId": "190675293",
    "title": "TANING挞柠·手挞柠檬茶（祈福缤纷店）",
    "imgUrl": "http://p0.meituan.net/w.h/bbia/7ec7314889d7ccf373afbbe19eb8794b193329.jpg",
    "score": "4.6",
    "consumeNum": null,
    "areaName": "钟村",
    "lowPrice": "12.5",
    "saleNum": null,
    "commentNum": 445,
    "detailUrl": "",
    "firstCate": [1, 20426, 20557],
    "avgPrice": 15
}, {
    "itemId": "1310757795",
    "title": "美肌工坊管理（K-MAX漫广场店）",
    "imgUrl": "https://p0.meituan.net/w.h/dpmerchantpic/bab9b6b4de4fb494799e30cd85d5d0a535390.jpg",
    "score": "5.0",
    "consumeNum": null,
    "areaName": "车陂/东圃",
    "lowPrice": "99.0",
    "saleNum": null,
    "commentNum": 105,
    "detailUrl": "",
    "firstCate": [22, 20426],
    "avgPrice": 0
}, {
    "itemId": "627081",
    "title": "荔银肠粉（中山三路店）",
    "imgUrl": "http://p1.meituan.net/w.h/bbia/ad4df948761193416bc5a5826a134044123573.jpg",
    "score": "3.7",
    "consumeNum": null,
    "areaName": "中山二三路/东山口",
    "lowPrice": "12.0",
    "saleNum": null,
    "commentNum": 2454,
    "detailUrl": "",
    "firstCate": [1, 20426, 20557],
    "avgPrice": 12
}, {
    "itemId": "51161486",
    "title": "遇见湘·地道湖南菜（大石店）",
    "imgUrl": "http://p0.meituan.net/w.h/bbia/f2e874224bc8c53eda29aa67be2c842a163015.jpg",
    "score": "5.0",
    "consumeNum": null,
    "areaName": "大石",
    "lowPrice": "95.0",
    "saleNum": null,
    "commentNum": 4007,
    "detailUrl": "",
    "firstCate": [1, 20632, 20426, 20557],
    "avgPrice": 47
}, {
    "itemId": "1544471",
    "title": "皇冠·玛莉奥（石基店）",
    "imgUrl": "http://p1.meituan.net/w.h/mogu/73c67e4364c05bb97c44759085ec973437749.jpg",
    "score": "4.1",
    "consumeNum": null,
    "areaName": "石碁",
    "lowPrice": "18.0",
    "saleNum": null,
    "commentNum": 1152,
    "detailUrl": "",
    "firstCate": [1, 20426, 20557],
    "avgPrice": 15
}, {
    "itemId": "160111753",
    "title": "一只酸奶牛（北京路店）",
    "imgUrl": "http://p0.meituan.net/w.h/bbia/39e18908b60814581056a6ce325425a1139241.jpg",
    "score": "5.0",
    "consumeNum": null,
    "areaName": "北京路商业区",
    "lowPrice": "12.8",
    "saleNum": null,
    "commentNum": 587,
    "detailUrl": "",
    "firstCate": [1, 20426, 20557],
    "avgPrice": 12
}, {
    "itemId": "1967287618",
    "title": "淼鑫猪肚鸡（大塘昌盛店）",
    "imgUrl": "",
    "score": "4.7",
    "consumeNum": null,
    "areaName": "客村/赤岗",
    "lowPrice": "88.0",
    "saleNum": null,
    "commentNum": 18,
    "detailUrl": "",
    "firstCate": [1, 20632, 20426],
    "avgPrice": 55
}, {
    "itemId": "1538029612",
    "title": "藤野造型（香雪旗舰店）",
    "imgUrl": "https://p0.meituan.net/w.h/dpmerchantpic/54e511baf05614b23b4e4dc568cf2372158340.jpg",
    "score": "5.0",
    "consumeNum": null,
    "areaName": "中心城",
    "lowPrice": "49.8",
    "saleNum": null,
    "commentNum": 1718,
    "detailUrl": "",
    "firstCate": [20611, 22, 20630, 20426],
    "avgPrice": 278
}, {
    "itemId": "70551980",
    "title": "简茶（永旺店）",
    "imgUrl": "https://img.meituan.net/w.h/msmerchant/17827b4b10a9efc98b9cb387e7b11ee2329538.jpg",
    "score": "4.9",
    "consumeNum": null,
    "areaName": "番禺广场",
    "lowPrice": "9.9",
    "saleNum": null,
    "commentNum": 4920,
    "detailUrl": "",
    "firstCate": [1, 20426, 20557],
    "avgPrice": 14
}, {
    "itemId": "170549640",
    "title": "喜来潮家牛肉火锅（骏景路店）",
    "imgUrl": "https://img.meituan.net/w.h/msmerchant/b7b13762ddbd3824c58dd0ff058037c91723911.jpg",
    "score": "4.4",
    "consumeNum": null,
    "areaName": "棠下",
    "lowPrice": "90.0",
    "saleNum": null,
    "commentNum": 391,
    "detailUrl": "",
    "firstCate": [1, 20632, 20426],
    "avgPrice": 60
}, {
    "itemId": "135093165",
    "title": "为什么牛现切牛肉火锅（万胜广场店）",
    "imgUrl": "http://p0.meituan.net/w.h/bbia/327f42e6599dbd48b9042fe368fa19211388002.jpg",
    "score": "4.8",
    "consumeNum": null,
    "areaName": "琶洲",
    "lowPrice": "88.0",
    "saleNum": null,
    "commentNum": 3322,
    "detailUrl": "",
    "firstCate": [1, 20632, 20426],
    "avgPrice": 75
}, {
    "itemId": "190378222",
    "title": "牛扒先生（上社店）",
    "imgUrl": "http://p0.meituan.net/w.h/bbia/d0a13f7abe3a966ecfd29791a7f3aea0139282.jpg",
    "score": "4.6",
    "consumeNum": null,
    "areaName": "天河公园/上社",
    "lowPrice": "9.9",
    "saleNum": null,
    "commentNum": 210,
    "detailUrl": "",
    "firstCate": [1, 20632, 20426, 20557],
    "avgPrice": 50
}, {
    "itemId": "164331243",
    "title": "大嘴猫老成都串串火锅（大沙地店）",
    "imgUrl": "https://img.meituan.net/w.h/msmerchant/0a2d212f02d1e7f94b4125d625d8ae7d79810.png",
    "score": "3.8",
    "consumeNum": null,
    "areaName": "大沙地",
    "lowPrice": "90.0",
    "saleNum": null,
    "commentNum": 2618,
    "detailUrl": "",
    "firstCate": [1, 20632, 20426],
    "avgPrice": 70
}, {
    "itemId": "866556983",
    "title": "探蟹肉蟹煲（百脑汇店）",
    "imgUrl": "https://img.meituan.net/w.h/msmerchant/6b3e59af2aa2db9c73d1523f55c186f2402527.jpg",
    "score": "4.4",
    "consumeNum": null,
    "areaName": "石牌/百脑汇",
    "lowPrice": "118.0",
    "saleNum": null,
    "commentNum": 627,
    "detailUrl": "",
    "firstCate": [1, 20632, 20426],
    "avgPrice": 60
}, {
    "itemId": "195930431",
    "title": "嘿牛烤肉料理（林和路店）",
    "imgUrl": "http://p0.meituan.net/w.h/bbia/2e6b847d46419b3ad64670b932d9252e56563.jpg",
    "score": "4.1",
    "consumeNum": null,
    "areaName": "天河北/广州东站",
    "lowPrice": "25.8",
    "saleNum": null,
    "commentNum": 1207,
    "detailUrl": "",
    "firstCate": [1, 20632, 20426, 20557],
    "avgPrice": 54
}]