{
    "status": 0,
    "message": "成功",
    "productList": [{
        "productId": "10545204",
        "price": 122,
        "hostAvatarUrl": null,
        "title": "深圳北站高端公寓 / 双地铁口 / 欧式简约 / 智能家居 / 直达福田、会展中心、香港 / 可洗衣服",
        "rentType": 0,
        "layoutRoom": 1,
        "maxGuestNumber": 2,
        "locationArea": "深圳北站",
        "starRating": 49,
        "commentNumber": 201,
        "coverImage": "http://p0.meituan.net/iphoenix/b73615a44c9f64266194b91b8a1ef76a116768.jpg",
        "favCount": 3335,
        "poiId": "1786866449",
        "dpPoiId": "1786866449"
    }, {
        "productId": "10803941",
        "price": 123,
        "hostAvatarUrl": null,
        "title": "【极简INS阳光房】近深圳北站 / 龙华地铁站300米 / 家电齐全 / 停车便利 / 4号线直达福田、会展中心、香港",
        "rentType": 0,
        "layoutRoom": 1,
        "maxGuestNumber": 2,
        "locationArea": "深圳北站",
        "starRating": 47,
        "commentNumber": 49,
        "coverImage": "http://p0.meituan.net/iphoenix/e6032573935cdcb735000473889d5011135989.jpg",
        "favCount": 270,
        "poiId": "1055507446",
        "dpPoiId": "1055507446"
    }, {
        "productId": "10534891",
        "price": 138,
        "hostAvatarUrl": null,
        "title": "深圳北白石龙地铁4号线直达福田口岸带阳台",
        "rentType": 0,
        "layoutRoom": 1,
        "maxGuestNumber": 2,
        "locationArea": "深圳北站",
        "starRating": 47,
        "commentNumber": 30,
        "coverImage": "http://p1.meituan.net/iphoenix/eac37a571be421ac0d6b5776c20bbdf196340.jpg",
        "favCount": 413,
        "poiId": "1986944723",
        "dpPoiId": "1986944723"
    }, {
        "productId": "9171002",
        "price": 46,
        "hostAvatarUrl": null,
        "title": "深圳北站男士沙发床  共享房源 拎包入住（长租有优惠）",
        "rentType": 1,
        "layoutRoom": 2,
        "maxGuestNumber": 1,
        "locationArea": "深圳北站",
        "starRating": 48,
        "commentNumber": 19,
        "coverImage": "https://img.meituan.net/phoenix/0ac829617b4728445af8a3ea1146a610969866.jpg",
        "favCount": 136,
        "poiId": "952564189",
        "dpPoiId": "952564189"
    }, {
        "productId": "8727200",
        "price": 58,
        "hostAvatarUrl": null,
        "title": "【时尚高级大床房】近龙华地铁站、深圳北站、龙华汽车站、龙华人民医院、人才市场",
        "rentType": 1,
        "layoutRoom": 10,
        "maxGuestNumber": 2,
        "locationArea": "深圳北站",
        "starRating": 43,
        "commentNumber": 26,
        "coverImage": "https://img.meituan.net/iphoenix/9a61797b81827c242872b758601c7151113056.jpg",
        "favCount": 229,
        "poiId": "1962835468",
        "dpPoiId": "1962835468"
    }, {
        "productId": "8733248",
        "price": 119,
        "hostAvatarUrl": null,
        "title": "【1.8米大床 】地铁旁；密码锁24小时自助入住；优质木地板；高层好风景；花园小区，安全，安静",
        "rentType": 1,
        "layoutRoom": 7,
        "maxGuestNumber": 3,
        "locationArea": "龙岗区",
        "starRating": 48,
        "commentNumber": 16,
        "coverImage": "http://p0.meituan.net/iphoenix/dd608cf6ac2c618c35a8c2972d185c8c6939928.jpg",
        "favCount": 449,
        "poiId": "1939075907",
        "dpPoiId": "1939075907"
    }]
}