{
    "status": 0,
    "message": "成功",
    "productList": [{
        "productId": "8673500",
        "price": 178,
        "hostAvatarUrl": null,
        "title": "现代简约舒适大床房 7号公寓近珠海机场，吉林大学 24小时免费接送机",
        "rentType": 0,
        "layoutRoom": 1,
        "maxGuestNumber": 2,
        "locationArea": "珠海金湾机场",
        "starRating": 50,
        "commentNumber": 46,
        "coverImage": "https://img.meituan.net/phoenix/54eaf5702f837a09aaf5acd6a173afd51589340.jpg",
        "favCount": 259,
        "poiId": "1976111287",
        "dpPoiId": "1976111287"
    }, {
        "productId": "8048970",
        "price": 68,
        "hostAvatarUrl": null,
        "title": "拱北口岸 花苑新村 海缘公寓 电脑中房",
        "rentType": 1,
        "layoutRoom": 1,
        "maxGuestNumber": 2,
        "locationArea": "拱北口岸",
        "starRating": 46,
        "commentNumber": 16,
        "coverImage": "https://img.meituan.net/iphoenix/7af42b6f93e043139be8f49726b8e91f119259.jpg",
        "favCount": 202,
        "poiId": "1122479526",
        "dpPoiId": "1122479526"
    }, {
        "productId": "11734214",
        "price": 30,
        "hostAvatarUrl": null,
        "title": "明珠轻轨站民宿",
        "rentType": 1,
        "layoutRoom": 4,
        "maxGuestNumber": 2,
        "locationArea": null,
        "starRating": 46,
        "commentNumber": 8,
        "coverImage": "https://img.meituan.net/phoenix/2b2e69e60e07d0d112d7bf9d4f562eed135449.jpg",
        "favCount": 28,
        "poiId": "1929067519",
        "dpPoiId": "1929067519"
    }, {
        "productId": "5073881",
        "price": 158,
        "hostAvatarUrl": null,
        "title": "高层风景房/简约舒适风/临近珠海机场/吉林大学珠海学院旁/临海近山/临近商圈/三灶镇",
        "rentType": 0,
        "layoutRoom": 1,
        "maxGuestNumber": 2,
        "locationArea": "吉林大学珠海学院",
        "starRating": 48,
        "commentNumber": 42,
        "coverImage": "https://img.meituan.net/phoenix/e27358c252e4c00554edc040d547f222306632.jpg",
        "favCount": 495,
        "poiId": "1321797874",
        "dpPoiId": "1321797874"
    }, {
        "productId": "11115326",
        "price": 168,
        "hostAvatarUrl": null,
        "title": "近体育中心/近新香洲华润万家/高层城景房/可住两人！可提供接送！",
        "rentType": 0,
        "layoutRoom": 1,
        "maxGuestNumber": 2,
        "locationArea": "新香洲",
        "starRating": 45,
        "commentNumber": null,
        "coverImage": "https://img.meituan.net/phoenix/8b4dfbd00e460163120abc12fbdf3cf23069469.jpg",
        "favCount": 7,
        "poiId": "858323775",
        "dpPoiId": "858323775"
    }, {
        "productId": "11673050",
        "price": 168,
        "hostAvatarUrl": null,
        "title": "奢华复试大床房",
        "rentType": 0,
        "layoutRoom": 1,
        "maxGuestNumber": 2,
        "locationArea": "南屏",
        "starRating": 50,
        "commentNumber": 1,
        "coverImage": "https://img.meituan.net/phoenix/20f8dc573d9cb5efb535c462932df8f413591913.png",
        "favCount": 17,
        "poiId": "1046770706",
        "dpPoiId": "1046770706"
    }]
}