{
    "status": 0,
    "message": "成功",
    "productList": [{
        "productId": "2669838",
        "price": 35,
        "hostAvatarUrl": null,
        "title": "【mecool】佛山嘉洲花园鄱阳路单间整套出租双人可做饭",
        "rentType": 0,
        "layoutRoom": 1,
        "maxGuestNumber": 2,
        "locationArea": null,
        "starRating": 50,
        "commentNumber": 1,
        "coverImage": "https://img.meituan.net/iphoenix/22c009c22c3bddb04ff09862abcbebb969076.jpg",
        "favCount": 30,
        "poiId": "174850093",
        "dpPoiId": "107697881"
    }, {
        "productId": "7374105",
        "price": 268,
        "hostAvatarUrl": null,
        "title": "【Palette调色盘】住进ins里/复古loft/落地窗/公园江景房/高清投影/万科里/星巴克教堂打卡/知名设计师设计",
        "rentType": 0,
        "layoutRoom": 1,
        "maxGuestNumber": 2,
        "locationArea": null,
        "starRating": 50,
        "commentNumber": 105,
        "coverImage": "https://img.meituan.net/phoenix/c48c390c1b070851ea44700912091fde645013.jpg",
        "favCount": 1178,
        "poiId": "534851341",
        "dpPoiId": "534851341"
    }, {
        "productId": "10493010",
        "price": 148,
        "hostAvatarUrl": null,
        "title": "长华国际中心（非住不可公寓）简约舒适大床房/邻近狮山体育馆/和信广场/奥园广场/公交直达大学城/近佛山西站/狮山轻轨站.",
        "rentType": 1,
        "layoutRoom": 1,
        "maxGuestNumber": 2,
        "locationArea": "狮山",
        "starRating": 50,
        "commentNumber": 9,
        "coverImage": "http://p0.meituan.net/iphoenix/cc5273824ed0d97c234cac259c2f69794483566.jpg",
        "favCount": 60,
        "poiId": "1723722693",
        "dpPoiId": "1723722693"
    }, {
        "productId": "10802981",
        "price": 108,
        "hostAvatarUrl": null,
        "title": "【一葉民宿】别墅房/30方大房/有免费车位/毗邻长鹿农庄/顺德轻轨站/美食街，大良清晖园华侨城15分钟车程，提供游玩攻略",
        "rentType": 1,
        "layoutRoom": 1,
        "maxGuestNumber": 2,
        "locationArea": "伦教",
        "starRating": 50,
        "commentNumber": 12,
        "coverImage": "https://img.meituan.net/phoenix/023b3b4357b7cbead0cbd9075456022e3244272.jpg",
        "favCount": 51,
        "poiId": "1012777358",
        "dpPoiId": "1012777358"
    }, {
        "productId": "10503973",
        "price": 138,
        "hostAvatarUrl": null,
        "title": "兆阳O立方温馨系列大床L房",
        "rentType": 1,
        "layoutRoom": 1,
        "maxGuestNumber": 2,
        "locationArea": null,
        "starRating": 48,
        "commentNumber": 88,
        "coverImage": "http://p0.meituan.net/iphoenix/200fcfa688aa4460a6af05d54472b5a810590233.jpg",
        "favCount": 609,
        "poiId": "1073855343",
        "dpPoiId": "1073855343"
    }, {
        "productId": "10027740",
        "price": 135,
        "hostAvatarUrl": null,
        "title": "奢华·舒适大床房/长华国际中心/短租/临近长华国际广场、狮山体育馆、奥园广场",
        "rentType": 0,
        "layoutRoom": 1,
        "maxGuestNumber": 2,
        "locationArea": "狮山",
        "starRating": 50,
        "commentNumber": 3,
        "coverImage": "http://p0.meituan.net/iphoenix/0c59d5f4b513318aafd9f54ec9f3add0243336.jpg",
        "favCount": 73,
        "poiId": "605926076",
        "dpPoiId": "605926076"
    }]
}