{
    "status": 0,
    "message": "成功",
    "productList": [{
        "productId": "8630198",
        "price": 56,
        "hostAvatarUrl": null,
        "title": "开开公寓-标准大床房",
        "rentType": 0,
        "layoutRoom": 1,
        "maxGuestNumber": 2,
        "locationArea": "惠州站/小金口",
        "starRating": 45,
        "commentNumber": null,
        "coverImage": "https://img.meituan.net/iphoenix/4f3def49decbf61b34fc19df53bfb6121643877.png",
        "favCount": 9,
        "poiId": "1774750549",
        "dpPoiId": "1774750549"
    }, {
        "productId": "8214223",
        "price": 96,
        "hostAvatarUrl": null,
        "title": "『嘉里•生活』简约大床房/特惠/长租5折/沃尔玛",
        "rentType": 1,
        "layoutRoom": 1,
        "maxGuestNumber": 2,
        "locationArea": "陈江",
        "starRating": 48,
        "commentNumber": 26,
        "coverImage": "http://p0.meituan.net/iphoenix/36cc008a19ebc972e9ea19a7b1b4ae412237719.jpg",
        "favCount": 125,
        "poiId": "1397585628",
        "dpPoiId": "1397585628"
    }, {
        "productId": "10509865",
        "price": 80,
        "hostAvatarUrl": null,
        "title": "海景大床，城景大床，设施齐全，临近海边，一键入住",
        "rentType": 0,
        "layoutRoom": 1,
        "maxGuestNumber": 2,
        "locationArea": "澳头大亚湾",
        "starRating": 48,
        "commentNumber": 115,
        "coverImage": "https://img.meituan.net/phoenix/273abc56d2be6ba56e5a0377391c9b1d5437839.jpg",
        "favCount": 764,
        "poiId": "1359841544",
        "dpPoiId": "1359841544"
    }, {
        "productId": "11637070",
        "price": 198,
        "hostAvatarUrl": null,
        "title": "波西米亚大床房",
        "rentType": 0,
        "layoutRoom": 1,
        "maxGuestNumber": 2,
        "locationArea": " 双月湾",
        "starRating": 45,
        "commentNumber": null,
        "coverImage": "https://img.meituan.net/phoenix/b7f23ddef3ad512788240d30c35b7b563120750.jpg",
        "favCount": 8,
        "poiId": "1075898740",
        "dpPoiId": "1075898740"
    }, {
        "productId": "8205435",
        "price": 240,
        "hostAvatarUrl": null,
        "title": "New Day | 佳兆业广场 /50寸电视/ 商务/旅行/ 巴厘岛风情房",
        "rentType": 0,
        "layoutRoom": 1,
        "maxGuestNumber": 2,
        "locationArea": "佳兆业/惠州市政府/义乌",
        "starRating": 48,
        "commentNumber": 15,
        "coverImage": "https://img.meituan.net/phoenix/44d2d8b76698e4316047b5f8015d7b4c1153880.jpg",
        "favCount": 136,
        "poiId": "524974759",
        "dpPoiId": "524974759"
    }, {
        "productId": "8740481",
        "price": 114,
        "hostAvatarUrl": null,
        "title": "『嘉里•生活』榻榻米双床/洗衣机/长租五折/仲恺轻轨站",
        "rentType": 1,
        "layoutRoom": 1,
        "maxGuestNumber": 2,
        "locationArea": "陈江",
        "starRating": 50,
        "commentNumber": 10,
        "coverImage": "http://p1.meituan.net/iphoenix/84f0486f19b8edd1d0fa26c22f3f507f7181871.jpg",
        "favCount": 72,
        "poiId": "889265143",
        "dpPoiId": "889265143"
    }]
}