{
    "status": 0,
    "message": "成功",
    "productList": [{
        "productId": "7443346",
        "price": 128,
        "hostAvatarUrl": null,
        "title": "东方天城/工业风/高层美景一居室",
        "rentType": 0,
        "layoutRoom": 1,
        "maxGuestNumber": 2,
        "locationArea": "横荷镇",
        "starRating": 50,
        "commentNumber": 7,
        "coverImage": "https://img.meituan.net/phoenix/3ed1e6334a6563315b7114c0a41749a2329995.jpg",
        "favCount": 61,
        "poiId": "194625970",
        "dpPoiId": "131650765"
    }, {
        "productId": "10548283",
        "price": 88,
        "hostAvatarUrl": null,
        "title": "《优舍公寓》距顺盈仅700米的宝藏民宿/单人特惠套房1.5米床/黄腾峡漂流/古龙峡漂流/",
        "rentType": 0,
        "layoutRoom": 1,
        "maxGuestNumber": 2,
        "locationArea": null,
        "starRating": 48,
        "commentNumber": 18,
        "coverImage": "http://p0.meituan.net/enhancedimage/5176ca7b30eb4bacfea9b779482ed65a959855.jpg",
        "favCount": 139,
        "poiId": "1931913381",
        "dpPoiId": "1931913381"
    }, {
        "productId": "11046616",
        "price": 158,
        "hostAvatarUrl": null,
        "title": "【银家休闲度假公寓】现代风格/市中心/近古龙峡漂流/黄腾峡/玄真古洞/新银盏温泉度假村",
        "rentType": 0,
        "layoutRoom": 1,
        "maxGuestNumber": 4,
        "locationArea": null,
        "starRating": 50,
        "commentNumber": 33,
        "coverImage": "https://img.meituan.net/phoenix/3456e80f8ee67d67b1610ce32c62b2d4988247.jpg",
        "favCount": 201,
        "poiId": "1666890572",
        "dpPoiId": "1666890572"
    }, {
        "productId": "11095266",
        "price": 128,
        "hostAvatarUrl": null,
        "title": "【遇见•爱琴湾】金茂公馆  顺盈时代广场 市中心 体育馆 广百百货 漂流 温泉 市人医",
        "rentType": 0,
        "layoutRoom": 1,
        "maxGuestNumber": 2,
        "locationArea": null,
        "starRating": 48,
        "commentNumber": 16,
        "coverImage": "https://img.meituan.net/phoenix/2673d1c7889b47c07ffc02964ea51b0f174258.jpg",
        "favCount": 32,
        "poiId": "761704112",
        "dpPoiId": "761704112"
    }, {
        "productId": "8097906",
        "price": 198,
        "hostAvatarUrl": null,
        "title": "「满眼绿意.阔景大阳台」H11浪漫情侣大床·舒适大阳台·巨幕投影·古龙峡·玻璃桥·清远漂流·万达·美林·太和洞·笔架山",
        "rentType": 0,
        "layoutRoom": 1,
        "maxGuestNumber": 2,
        "locationArea": null,
        "starRating": 48,
        "commentNumber": 12,
        "coverImage": "https://img.meituan.net/phoenix/0ff1ebad87d517b3ab7ca09d39d06886729631.jpg",
        "favCount": 262,
        "poiId": "1891730736",
        "dpPoiId": "1891730736"
    }, {
        "productId": "11048428",
        "price": 198,
        "hostAvatarUrl": null,
        "title": "「万里晴空.高楼层浪漫公寓」H25古龙峡·浪漫大床·毗邻古洞山水·景色怡人·巨幕投影·玻璃桥漂流·黄腾峡·飞来峡",
        "rentType": 0,
        "layoutRoom": 1,
        "maxGuestNumber": 2,
        "locationArea": null,
        "starRating": 50,
        "commentNumber": 2,
        "coverImage": "https://img.meituan.net/phoenix/55d1a9bbf07292700ae618f6c546b1dd1047070.jpg",
        "favCount": 4,
        "poiId": "1512251204",
        "dpPoiId": "1512251204"
    }]
}