{
    "status": 0,
    "message": "成功",
    "productList": [{
        "productId": "8079450",
        "price": 68,
        "hostAvatarUrl": null,
        "title": "大朗嘉玲商务公寓，欢迎您的入住！",
        "rentType": 1,
        "layoutRoom": 1,
        "maxGuestNumber": 2,
        "locationArea": null,
        "starRating": 50,
        "commentNumber": 4,
        "coverImage": "https://img.meituan.net/phoenix/24f6974d87e4a05974ae3a6cc290581f216726.jpg",
        "favCount": 25,
        "poiId": "691763898",
        "dpPoiId": "691763898"
    }, {
        "productId": "11649353",
        "price": 138,
        "hostAvatarUrl": null,
        "title": "依山壹舍民宿【豪华影院房】",
        "rentType": 0,
        "layoutRoom": 1,
        "maxGuestNumber": 2,
        "locationArea": "天和百货",
        "starRating": 45,
        "commentNumber": null,
        "coverImage": "https://img.meituan.net/phoenix/ce92ae5a3df60d1c4eb2097f7cf5f2383250735.jpg",
        "favCount": 38,
        "poiId": "1435071377",
        "dpPoiId": "1435071377"
    }, {
        "productId": "11634999",
        "price": 48,
        "hostAvatarUrl": null,
        "title": "临街公寓，智能家居",
        "rentType": 1,
        "layoutRoom": 1,
        "maxGuestNumber": 2,
        "locationArea": null,
        "starRating": 45,
        "commentNumber": null,
        "coverImage": "https://img.meituan.net/phoenix/17378da04976f68b28648a970f7d859a522225.jpg",
        "favCount": 5,
        "poiId": "1232155884",
        "dpPoiId": "1232155884"
    }, {
        "productId": "8204320",
        "price": 298,
        "hostAvatarUrl": null,
        "title": "【植寓·从前慢】带你走进旧日小时光，南城鸿福路地铁站国贸商场汇一城高层老上海复古风与轻日式夜景房，可做饭，100寸投影",
        "rentType": 0,
        "layoutRoom": 1,
        "maxGuestNumber": 2,
        "locationArea": "第一国际/汇一城",
        "starRating": 49,
        "commentNumber": 61,
        "coverImage": "https://img.meituan.net/phoenix/73cb05299af8cf48fad8a2e233731516540672.jpg",
        "favCount": 1278,
        "poiId": "1459798302",
        "dpPoiId": "1459798302"
    }, {
        "productId": "9200805",
        "price": 50,
        "hostAvatarUrl": null,
        "title": "时尚公寓-经济房",
        "rentType": 0,
        "layoutRoom": 1,
        "maxGuestNumber": 2,
        "locationArea": "隐贤山庄酒店",
        "starRating": 43,
        "commentNumber": 3,
        "coverImage": "http://p0.meituan.net/iphoenix/db055ebe49b498f4b81c4353d1c156961008051.png",
        "favCount": 59,
        "poiId": "1444506080",
        "dpPoiId": "1444506080"
    }, {
        "productId": "8220405",
        "price": 114,
        "hostAvatarUrl": null,
        "title": "东莞市东城万达对面奥沙公寓，闹市中心的独享私人空间 ，可以做饭，有冰箱、洗衣机、空调、热水器、电梯、大双人床等拎包入住！",
        "rentType": 0,
        "layoutRoom": 1,
        "maxGuestNumber": 2,
        "locationArea": "主山/高田坊",
        "starRating": 47,
        "commentNumber": 60,
        "coverImage": "https://img.meituan.net/phoenix/85b4714730002d82c8a20b99ee814f86860377.jpg",
        "favCount": 566,
        "poiId": "195940673",
        "dpPoiId": "132947068"
    }]
}