{
    "status": 0,
    "message": "成功",
    "productList": [{
        "productId": "6556921",
        "price": 148,
        "hostAvatarUrl": null,
        "title": "【好评如潮】地王公馆云顶观光可洗衣做饭步步高商场",
        "rentType": 0,
        "layoutRoom": 1,
        "maxGuestNumber": 2,
        "locationArea": "五星/人民广场商圈",
        "starRating": 49,
        "commentNumber": 358,
        "coverImage": "https://img.meituan.net/phoenix/a34f5cd16eb05622fa46de0a2ca002a8432700.jpg",
        "favCount": 5554,
        "poiId": "625016673",
        "dpPoiId": "625016673"
    }, {
        "productId": "10793358",
        "price": 68,
        "hostAvatarUrl": null,
        "title": "五星街市中心合租单间房 拎包即住（空调房）",
        "rentType": 1,
        "layoutRoom": 3,
        "maxGuestNumber": 2,
        "locationArea": "五星/人民广场商圈",
        "starRating": 48,
        "commentNumber": 10,
        "coverImage": "https://img.meituan.net/phoenix/aed71100d67b7cf8c086aaaad2c187171215353.jpg",
        "favCount": 176,
        "poiId": "1330582635",
        "dpPoiId": "1330582635"
    }, {
        "productId": "5322909",
        "price": 129,
        "hostAvatarUrl": null,
        "title": "了凡公寓，宽敞明亮的小清新公寓，离火车站，市中心很近",
        "rentType": 0,
        "layoutRoom": 1,
        "maxGuestNumber": 2,
        "locationArea": "火车站/汽车总站商圈",
        "starRating": 48,
        "commentNumber": 46,
        "coverImage": "https://img.meituan.net/phoenix/bbe55d3490fb6e61de8448aa661796a2733485.jpg",
        "favCount": 793,
        "poiId": "189323952",
        "dpPoiId": "126613092"
    }, {
        "productId": "6273700",
        "price": 168,
        "hostAvatarUrl": null,
        "title": "叶子家的阳光小屋",
        "rentType": 0,
        "layoutRoom": 1,
        "maxGuestNumber": 2,
        "locationArea": "城中万达广场/阳光100",
        "starRating": 47,
        "commentNumber": 4,
        "coverImage": "https://img.meituan.net/phoenix/43e09201c7c8fc8241639a081925ca002419833.jpg",
        "favCount": 73,
        "poiId": "191198986",
        "dpPoiId": "128374030"
    }, {
        "productId": "8740883",
        "price": 138,
        "hostAvatarUrl": null,
        "title": "文昌桥东，近市民广场，阳光100城市广场公寓，有电脑书桌可做饭，适合2-3人入住",
        "rentType": 0,
        "layoutRoom": 1,
        "maxGuestNumber": 3,
        "locationArea": "城中万达广场/阳光100",
        "starRating": 49,
        "commentNumber": 29,
        "coverImage": "https://img.meituan.net/phoenix/7eeb9fa5f52c9ba2bdb1d672878b9806179281.jpg",
        "favCount": 298,
        "poiId": "696411820",
        "dpPoiId": "696411820"
    }, {
        "productId": "10547404",
        "price": 108,
        "hostAvatarUrl": null,
        "title": "南亚，人民医院，万象城，万达附近整套精装独立一套房出租，可长短租可煮饭，下单前请询问是否还有房",
        "rentType": 0,
        "layoutRoom": 1,
        "maxGuestNumber": 2,
        "locationArea": "鱼峰/银泰城/谷埠街",
        "starRating": 46,
        "commentNumber": 10,
        "coverImage": "https://img.meituan.net/phoenix/a6cc8677d6142f1814dc41ab079987784036431.jpg",
        "favCount": 81,
        "poiId": "831985538",
        "dpPoiId": "831985538"
    }]
}