{
    "status": 0,
    "message": "成功",
    "productList": [{
        "productId": "8101481",
        "price": 68,
        "hostAvatarUrl": null,
        "title": "【东邻雅】北欧豪华大床房，市中心，西城步行街，两江四湖，象鼻山，日月双塔，火车站",
        "rentType": 1,
        "layoutRoom": 1,
        "maxGuestNumber": 2,
        "locationArea": "西城步行街",
        "starRating": 50,
        "commentNumber": 28,
        "coverImage": "https://img.meituan.net/phoenix/8b75b1e29a760fd843de2386eb0e33dd497714.jpg",
        "favCount": 324,
        "poiId": "1081017180",
        "dpPoiId": "1081017180"
    }, {
        "productId": "9049386",
        "price": 55,
        "hostAvatarUrl": null,
        "title": "【东邻雅】北欧简约标间，市中心，西城步行街，两江四湖，象鼻山，日月双塔，火车站",
        "rentType": 1,
        "layoutRoom": 1,
        "maxGuestNumber": 2,
        "locationArea": "西城步行街",
        "starRating": 48,
        "commentNumber": 17,
        "coverImage": "https://img.meituan.net/phoenix/1e94049d5586e3fea224bdfc87cd1723350342.jpg",
        "favCount": 150,
        "poiId": "1693045413",
        "dpPoiId": "1693045413"
    }, {
        "productId": "11069208",
        "price": 58,
        "hostAvatarUrl": null,
        "title": "西街独立迷你小单间",
        "rentType": 1,
        "layoutRoom": 8,
        "maxGuestNumber": 2,
        "locationArea": "西街",
        "starRating": 45,
        "commentNumber": null,
        "coverImage": "https://img.meituan.net/phoenix/e2509275ce6f2115c16df3a6894dcac11708278.jpg",
        "favCount": 21,
        "poiId": "822266867",
        "dpPoiId": "822266867"
    }, {
        "productId": "10510674",
        "price": 137,
        "hostAvatarUrl": null,
        "title": "市政府旁兴荣郡舒适公寓  （近机场 高速路口 万达吾悦广场商圈）可做饭 好停车",
        "rentType": 0,
        "layoutRoom": 1,
        "maxGuestNumber": 2,
        "locationArea": "花生唐",
        "starRating": 48,
        "commentNumber": 37,
        "coverImage": "https://img.meituan.net/phoenix/15b2ae05b8bbd0711e0733ddb85afdba410265.jpg",
        "favCount": 55,
        "poiId": "536609822",
        "dpPoiId": "536609822"
    }, {
        "productId": "3432197",
        "price": 136,
        "hostAvatarUrl": null,
        "title": "【消毒通风】桂林朂高楼/火车北站100米/恒大公寓--山景北欧原木豪华大床房情侣大床高铁北站西站",
        "rentType": 0,
        "layoutRoom": 1,
        "maxGuestNumber": 2,
        "locationArea": "高铁北站",
        "starRating": 49,
        "commentNumber": 158,
        "coverImage": "http://p1.meituan.net/iphoenix/770546ff72ca6e618c5f4d007e7ae1cf917640.jpg",
        "favCount": 1914,
        "poiId": "184062157",
        "dpPoiId": "121553110"
    }, {
        "productId": "10473565",
        "price": 110,
        "hostAvatarUrl": null,
        "title": "两江四湖旁榻榻米/近象鼻山、庙街、东西巷，出门看两江四湖，五分钟达高铁站、近医学院（如遇满房则自动更换为另间榻榻米）",
        "rentType": 0,
        "layoutRoom": 1,
        "maxGuestNumber": 2,
        "locationArea": "西城步行街",
        "starRating": 47,
        "commentNumber": 45,
        "coverImage": "https://img.meituan.net/phoenix/13bcd1cdf84f4f18b0a9cb8875f71454305918.jpg",
        "favCount": 863,
        "poiId": "827612978",
        "dpPoiId": "827612978"
    }]
}