{
    "status": 0,
    "message": "成功",
    "productList": [{
        "productId": "11064561",
        "price": 118,
        "hostAvatarUrl": null,
        "title": "【梅苑民宿】壹海江山/海景度假公寓/两室一厅/可做饭/南北通透/免费WIFI/欧式风格/精装修/免费停车/高铁站免费接送",
        "rentType": 0,
        "layoutRoom": 2,
        "maxGuestNumber": 2,
        "locationArea": "侨港风情街",
        "starRating": 50,
        "commentNumber": 1,
        "coverImage": "https://img.meituan.net/phoenix/066b68afaf53d80092899498011a4f1f2507035.jpg",
        "favCount": 4,
        "poiId": "1725385445",
        "dpPoiId": "1725385445"
    }, {
        "productId": "11802121",
        "price": 158,
        "hostAvatarUrl": null,
        "title": "高层地中海观江看海大床房带烹饪锅具",
        "rentType": 0,
        "layoutRoom": 1,
        "maxGuestNumber": 2,
        "locationArea": "万达广场",
        "starRating": 45,
        "commentNumber": null,
        "coverImage": "https://img.meituan.net/phoenix/ae527b58c55839ed118f07d35481f748542135.jpg",
        "favCount": 4,
        "poiId": "1734951867",
        "dpPoiId": "1734951867"
    }, {
        "productId": "8334794",
        "price": 58,
        "hostAvatarUrl": null,
        "title": "木 易公寓房欧式风格 万达广场对面 近银滩海边/侨港风情街/国际客运码头/红树林湿地公园/冠头岭",
        "rentType": 0,
        "layoutRoom": 1,
        "maxGuestNumber": 2,
        "locationArea": "万达广场",
        "starRating": 50,
        "commentNumber": 20,
        "coverImage": "https://img.meituan.net/phoenix/eecfec37df67b7b9b1c4dc792428513b806469.jpg",
        "favCount": 223,
        "poiId": "558073845",
        "dpPoiId": "558073845"
    }, {
        "productId": "4069811",
        "price": 130,
        "hostAvatarUrl": null,
        "title": "北海地标-北部湾一号吊篮大床房 带180°观海阳台（浴缸泡澡看海）邻近景点金滩/北部湾商圈/海底世界/老街",
        "rentType": 0,
        "layoutRoom": 1,
        "maxGuestNumber": 2,
        "locationArea": "南珠汽车站",
        "starRating": 49,
        "commentNumber": 277,
        "coverImage": "http://p0.meituan.net/iphoenix/d38b03bd15ab01526f0a5a659473dd2f2986528.jpg",
        "favCount": 10697,
        "poiId": "880984225",
        "dpPoiId": "880984225"
    }, {
        "productId": "11636607",
        "price": 173,
        "hostAvatarUrl": null,
        "title": "【北海银滩】码头 万达 桥港270度高层海景两房多套",
        "rentType": 0,
        "layoutRoom": 2,
        "maxGuestNumber": 5,
        "locationArea": "银滩旅游度假区",
        "starRating": 45,
        "commentNumber": 6,
        "coverImage": "https://img.meituan.net/phoenix/90e9d05959a0a7e1cb7ff66b0c5b9dd3395831.jpg",
        "favCount": 351,
        "poiId": "1000061124",
        "dpPoiId": "1000061124"
    }, {
        "productId": "1264098",
        "price": 138,
        "hostAvatarUrl": null,
        "title": "北海雅布民宿3复式近银滩观景露台，夕阳，海景，视觉盛宴",
        "rentType": 1,
        "layoutRoom": 5,
        "maxGuestNumber": 2,
        "locationArea": "万达广场",
        "starRating": 50,
        "commentNumber": 46,
        "coverImage": "http://p1.meituan.net/iphoenix/ddb785e5d02ff447e1f0100f73d48feb87581.jpg",
        "favCount": 495,
        "poiId": "168536004",
        "dpPoiId": "101574496"
    }]
}