{
    "status": 0,
    "message": "成功",
    "productList": [{
        "productId": "6284943",
        "price": 120,
        "hostAvatarUrl": null,
        "title": "豪华商务大床房B（24小时免费接送美兰机场和美兰高铁站）",
        "rentType": 0,
        "layoutRoom": 1,
        "maxGuestNumber": 2,
        "locationArea": "美兰机场",
        "starRating": 48,
        "commentNumber": 16,
        "coverImage": "https://img.meituan.net/iphoenix/12c6dace9e2241f6a0ecb95ba70256cd7695127.jpg",
        "favCount": 341,
        "poiId": "193207126",
        "dpPoiId": "130244775"
    }, {
        "productId": "10780423",
        "price": 247,
        "hostAvatarUrl": null,
        "title": "【路客】暑期大放价|『暗恋桃花源』吃喝玩乐｜海大南门小吃街｜骑楼小吃街｜南洋商业街｜世纪大桥｜市中心｜温馨一房",
        "rentType": 0,
        "layoutRoom": 1,
        "maxGuestNumber": 2,
        "locationArea": "海甸岛（海南大学）",
        "starRating": 43,
        "commentNumber": 1,
        "coverImage": "http://p0.meituan.net/iphoenix/8a6d71720a5f483fe60d399c756508dc455119.jpg",
        "favCount": 35,
        "poiId": "823778379",
        "dpPoiId": "823778379"
    }, {
        "productId": "8703474",
        "price": 128,
        "hostAvatarUrl": null,
        "title": "海南人地中海风格一居公寓",
        "rentType": 0,
        "layoutRoom": 1,
        "maxGuestNumber": 2,
        "locationArea": "骑楼老街/泰龙城",
        "starRating": 45,
        "commentNumber": 8,
        "coverImage": "https://img.meituan.net/phoenix/78359a48f7099fc8f12bcc61c46fcdc0674028.jpg",
        "favCount": 71,
        "poiId": "790863296",
        "dpPoiId": "790863296"
    }, {
        "productId": "6503206",
        "price": 119,
        "hostAvatarUrl": null,
        "title": "豪华商务大床房A（24小时免费接送美兰机场和美兰高铁站）",
        "rentType": 0,
        "layoutRoom": 1,
        "maxGuestNumber": 2,
        "locationArea": "美兰机场",
        "starRating": 43,
        "commentNumber": 9,
        "coverImage": "https://img.meituan.net/iphoenix/05134cfc56d4de80b1a4df0327e301006777605.jpg",
        "favCount": 88,
        "poiId": "193216921",
        "dpPoiId": "130254178"
    }, {
        "productId": "11082633",
        "price": 119,
        "hostAvatarUrl": null,
        "title": "近新城吾悦广场/喜盈门近海口东站/预定前请先联系房东",
        "rentType": 1,
        "layoutRoom": 3,
        "maxGuestNumber": 2,
        "locationArea": "新城吾悦广场/喜盈门",
        "starRating": 50,
        "commentNumber": 9,
        "coverImage": "https://img.meituan.net/phoenix/3bf921d9d03adc94ce728f6539fd7afd2419579.jpg",
        "favCount": 305,
        "poiId": "1869802350",
        "dpPoiId": "1869802350"
    }, {
        "productId": "11719662",
        "price": 99,
        "hostAvatarUrl": null,
        "title": "美兰机场@机场高铁站纳雅免费接送 大床房",
        "rentType": 0,
        "layoutRoom": 1,
        "maxGuestNumber": 2,
        "locationArea": "美兰机场",
        "starRating": 47,
        "commentNumber": 10,
        "coverImage": "http://p0.meituan.net/iphoenix/dcd7beae5286dd776c34491ea51348633773065.jpg",
        "favCount": 81,
        "poiId": "1635307374",
        "dpPoiId": "1635307374"
    }]
}